{"throttle": 1, "speed": 0.0028774011593598586, "distance": 0.07026059627532959, "collision": false, "steer": 0}